uptime_ms,ir,red,green
44157,59802,33393,6924
44201,59812,33389,6924
44243,59803,33388,6915
44284,59802,33390,6915
44325,59806,33392,6917
44367,59800,33389,6922
44408,59798,33399,6917
44452,59813,33395,6918
44494,59804,33396,6924
44535,59807,33393,6919
44576,59803,33389,6914
44618,59796,33396,6918
44661,59811,33394,6911
44703,59811,33400,6919
44744,59811,33398,6917
44786,59799,33392,6915
44827,59803,33402,6917
44871,59811,33401,6915
44913,59808,33396,6920
44954,59807,33398,6916
44996,59801,33399,6927
45037,59812,33399,6919
45083,59813,33402,6918
45125,59808,33394,6917
45166,59808,33398,6918
45207,59813,33402,6917
45251,59812,33402,6925
45293,59815,33396,6918
45334,59809,33399,6919
45375,59811,33397,6916
45417,59810,33401,6916
45458,59805,33395,6918
45501,59807,33407,6915
45543,59821,33397,6924
45584,59814,33407,6924
45626,59814,33397,6920
45667,59809,33400,6923
45711,59814,33400,6918
45753,59817,33406,6918
45794,59809,33398,6916
45836,59812,33403,6912
45877,59818,33401,6918
45921,59810,33395,6925
45963,59816,33396,6919
46004,59814,33404,6918
46046,59815,33401,6919
46087,59819,33402,6921
46134,59817,33404,6919
46175,59819,33402,6918
46216,59816,33398,6917
46257,59818,33401,6921
46301,59813,33400,6918
46343,59813,33397,6914
46384,59814,33402,6921
46425,59818,33405,6916
46467,59817,33405,6921
46508,59812,33399,6917
46552,59813,33393,6917
46594,59817,33405,6914
46635,59816,33405,6920
46676,59819,33407,6914
46718,59824,33406,6919
46761,59823,33401,6918
46803,59823,33402,6922
46845,59823,33408,6918
46886,59826,33404,6918
46928,59823,33411,6918
46971,59824,33410,6920
47013,59827,33411,6919
47054,59822,33403,6919
47096,59817,33405,6910
47137,59818,33410,6914
47183,59820,33407,6915
47225,59827,33410,6915
47266,59834,33402,6917
47307,59827,33409,6922
47351,59837,33401,6922
47393,59829,33407,6918
47434,59825,33408,6917
47475,59826,33415,6916
47517,59837,33413,6925
47558,59827,33411,6922
47601,59832,33411,6923
47643,59832,33407,6916
47684,59829,33407,6915
47726,59825,33410,6914
47767,59834,33406,6913
47811,59830,33408,6925
47853,59834,33412,6917
47894,59829,33404,6923
47936,59828,33407,6920
47977,59823,33415,6918
48021,59842,33410,6911
48063,59832,33412,6927
48105,59838,33415,6916
48146,59833,33411,6927
48188,59829,33408,6920
48234,59824,33408,6921
48275,59824,33403,6915
48317,59826,33408,6911
48358,59830,33405,6918
48402,59831,33402,6925
48444,59829,33401,6921
48485,59824,33401,6916
48527,59827,33405,6918
48568,59833,33407,6919
48611,59826,33415,6916
48653,59828,33417,6913
48694,59834,33410,6917
48736,59828,33414,6922
48777,59835,33406,6922
48818,59827,33407,6917
48863,59833,33416,6918
48904,59836,33418,6920
48946,59836,33396,6925
48987,59846,33423,6920
49028,59839,33407,6922
49072,59821,33406,6930
49114,59820,33397,6918
49155,59819,33414,6913
49196,59827,33411,6911
49238,59828,33415,6920
49284,59824,33408,6919
49325,59825,33399,6913
49367,59829,33407,6910
49408,59828,33407,6916
49452,59835,33412,6920
49494,59838,33411,6915
49535,59837,33412,6918
49576,59831,33412,6922
49618,59828,33410,6922
49661,59843,33408,6915
49703,59836,33416,6922
49744,59834,33412,6919
49785,59827,33408,6912
49827,59830,33416,6917
49868,59837,33410,6918
49911,59833,33414,6919
49953,59838,33410,6919
49994,59830,33407,6922
50036,59835,33416,6916
50077,59847,33416,6914
50121,59834,33421,6926
50163,59837,33405,6921
50205,59831,33411,6917
50246,59830,33416,6917
50288,59830,33405,6921
50334,59834,33416,6916
50376,59838,33412,6918
50417,59839,33413,6923
50458,59841,33411,6921
175335,184523,132152,11400
175377,184427,132107,11414
175418,184302,132045,11431
175462,184252,132016,11446
175503,184188,131968,11457
175545,184154,131970,11479
175586,184130,131947,11481
175627,184094,131926,11496
175671,184068,131909,11510
175713,184053,131909,11524
175754,184009,131901,11533
175796,183997,131925,11522
175837,183887,131896,11512
175881,183814,131853,11509
175923,183723,131810,11509
175964,183649,131787,11508
176006,183605,131764,11513
176047,183543,131729,11513
176091,183529,131730,11510
176133,183476,131702,11514
176174,183408,131667,11519
176216,183358,131642,11521
176257,183323,131618,11529
176301,183286,131589,11537
176343,183250,131570,11544
176385,183227,131548,11553
176427,183220,131544,11561
176468,183220,131544,11576
176512,183244,131546,11588
176554,183227,131543,11605
176595,183257,131561,11610
176636,183253,131562,11628
176678,183247,131583,11624
176721,183196,131581,11611
176764,183125,131557,11592
176806,183039,131508,11585
176847,182941,131480,11578
176891,182901,131451,11570
176933,182840,131439,11570
176974,182832,131426,11568
177016,182801,131422,11566
177057,182768,131399,11561
177101,182735,131385,11565
177143,182690,131348,11559
177184,182646,131332,11565
177226,182589,131283,11570
177267,182534,131259,11576
177311,182517,131232,11585
177353,182479,131217,11598
177394,182467,131213,11600
177437,182449,131205,11602
177482,182443,131197,11620
177523,182475,131206,11629
177564,182501,131219,11634
177606,182448,131212,11637
177647,182468,131263,11629
177688,182329,131209,11604
177733,182237,131161,11596
177774,182143,131118,11588
177815,182047,131293,11576
177857,181958,131489,11577
177898,181888,131445,11570
177941,181887,131449,11564
177983,181819,131417,11557
178024,181785,131403,11562
178066,181738,131374,11558
178107,181682,131341,11567
178151,181597,131287,11576
178193,181580,131277,11584
178234,181564,131271,11584
178276,181559,131255,11591
178317,181518,131243,11611
178361,181512,131227,11618
178403,181466,131214,11619
178444,181448,131188,11634
178487,181443,131187,11648
178528,181410,131150,11656
178572,181326,131118,11658
178614,181138,131070,11646
178655,181008,131009,11631
178696,180951,130988,11622
178738,180846,130932,11611
178781,180717,130872,11593
178823,180593,130803,11592
178864,180453,130749,11582
178906,180468,130758,11572
178947,180433,130727,11569
178991,180376,130706,11573
179033,180315,130679,11567
179074,180251,130644,11562
179116,180519,130638,11567
179158,180767,130623,11571
179202,180783,130623,11574
179243,180799,130644,11585
179284,180812,130655,11586
179326,180808,130656,11596
179367,180801,130649,11599
179411,180788,130636,11613
179453,180803,130632,11615
179495,180796,130632,11635
179537,180820,130635,11647
179582,180775,130638,11656
179623,180756,130649,11653
179664,180659,130624,11640
179706,180581,130592,11621
179747,180529,130568,11611
179788,180454,130538,11604
179833,180422,130522,11598
179874,180376,130514,11593
179915,180387,130512,11593
179957,180351,130493,11585
179998,180313,130485,11582
180043,180276,130468,11583
180084,180240,130451,11582
180125,180223,130439,11588
180167,180217,130441,11585
180208,180228,130436,11593
180251,180282,130461,11599
180293,180283,130455,11610
180334,180290,130451,11621
180376,180296,130449,11626
180417,180287,130435,11641
180461,180353,130444,11648
180503,180358,130444,11664
180545,180449,130471,11669
180587,180577,130530,11689
180631,180665,130584,11683
180673,180724,130638,11679
180714,180659,130594,11667
180755,180611,130572,11663
180797,180585,130557,11658
180838,180549,130526,11652
180882,180439,130456,11650
180924,180414,130430,11652
180965,180424,130438,11655
181006,180535,130493,11652
181048,180552,130507,11650
181091,180615,130526,11657
181133,180694,130579,11671
181175,180671,130574,11674
181216,180529,130496,11688
181258,180353,130421,11693
181302,180068,130287,11711
181343,179878,130203,11714
181384,179780,130148,11722
181426,179884,130206,11727
181467,179949,130236,11742
181511,179919,130240,11753
181553,179947,130274,11760
181594,180025,130333,11767
181637,180063,130371,11760
181682,180044,130389,11755
181723,179970,130364,11736
181764,179910,130344,11724
181806,179751,130274,11712
181847,179715,130258,11715
181891,179722,130267,11708
181933,179809,130303,11699
181974,179842,130326,11699
182015,179925,130359,11689
182057,179950,130360,11694
182098,180002,130378,11691
182142,180127,130427,11701
182184,180277,130471,11697
182225,180366,130498,11707
182266,180438,130520,11715
182308,180446,130519,11734
182351,180409,130506,11737
182393,180319,130475,11751
182435,180379,130501,11765
182476,180632,130631,11785
182518,180969,130768,11789
182561,181127,130824,11779
182604,180936,130751,11758
182646,180816,130701,11747
182691,180481,130566,11742
182733,180437,130546,11735
182774,180592,130598,11737
182815,180861,130713,11733
182857,181148,130836,11741
182898,181246,130877,11738
182942,181174,130849,11733
182984,181130,130834,11743
183025,181205,130856,11741
183066,181304,130891,11747
183108,181262,130839,11768
183151,181087,130763,11775
183193,180961,130689,11784
183234,180786,130618,11795
183276,180565,130524,11798
183318,180551,130527,11805
183361,180754,130621,11825
183403,180947,130721,11828
183445,181072,130769,11815
183486,181006,130765,11795
183528,180947,130740,11776
183571,180753,130645,11766
183613,180650,130618,11748
183654,180871,130711,11742
183696,180935,130759,11735
183743,181167,130887,11726
183784,181119,130905,11727
183825,181182,130994,11726
183867,181566,131195,11736
183908,182159,131411,11730
183952,182414,131483,11726
183993,182427,131456,11716
184034,182466,131450,11723
184076,182279,131351,11725
184117,182182,131287,11732
184158,182496,131393,11745
184202,182800,131488,11753
184244,183126,131602,11752
184285,183211,131669,11751
184326,183292,131719,11724
184368,183386,131792,11702
184412,183436,131781,11692
184453,183307,131724,11679
184494,182906,131465,11670
184536,182503,131279,11674
184577,181983,131027,11666
184621,181531,130832,11674
184663,181266,130704,11673
184705,181461,130808,11685
184746,181818,130951,11684
184793,182137,131058,11700
184834,182430,131176,11705
184875,182703,131298,11713
184917,182858,131369,11716
184958,182905,131388,11725
185002,182698,131298,11738
185044,182578,131273,11744
185085,182545,131269,11745
185126,182446,131232,11737
185168,182286,131172,11730
185211,182240,131166,11728
185253,182169,131140,11729
185294,182152,131126,11726
185335,182103,131099,11731
185377,182095,131090,11735
185418,182020,131044,11740
185463,181987,131025,11740
185504,181938,130988,11744
185545,181895,130971,11763
185587,181871,130957,11763
185628,181929,130997,11782
185671,181956,131004,11794
185713,182012,131031,11804
185754,182036,131033,11811
185796,182003,131026,11823
185843,181918,130999,11811
185884,181847,130956,11801
185926,181746,130902,11800
185967,181667,130855,11791
186008,181580,130789,11787
186053,181536,130774,11793
186094,181566,130786,11792
186135,181617,130812,11796
186177,181620,130826,11797
186218,181648,130845,11803
186261,181665,130852,11817
186303,181658,130844,11827
186345,181649,130837,11836
186386,181641,130833,11847
186428,181626,130826,11864
186471,181633,130821,11879
186514,181605,130803,11889
186556,181496,130752,11889
186597,181402,130735,11882
186641,181286,130704,11873
186683,181210,130696,11864
186724,181139,130704,11862
186766,181043,130649,11846
186807,180945,130572,11844
186851,180842,130509,11840
186896,180756,130455,11830
186937,180669,130395,11828
186981,180590,130358,11833
187023,180568,130340,11824
187064,180542,130314,11823
187106,180538,130313,11829
187147,180540,130299,11835
187188,180476,130240,11840
187233,180427,130211,11841
187274,180379,130169,11852
187315,180363,130152,11862
187357,180354,130117,11869
187398,180332,130105,11876
187442,180267,130090,11876
187484,180167,130064,11863
187525,180131,130063,11837
187566,180024,130033,11812
187608,179990,130014,11790
187651,179842,129960,11755
187693,179754,129919,11730
187734,179607,129855,11722
187775,179538,129816,11702
187817,179478,129792,11687
187858,179410,129764,11670
187901,179355,129720,11663
187946,179319,129700,11649
187987,179287,129658,11646
188031,179259,129629,11651
188073,179221,129593,11652
188114,179178,129561,11657
188156,179142,129545,11670
188197,179114,129525,11679
188238,179100,129514,11690
188282,179073,129492,11697
188324,179049,129487,11716
188365,179022,129465,11720
188406,179013,129448,11742
188448,179016,129450,11757
188491,178947,129432,11763
188533,178894,129434,11751
188574,178787,129399,11729
188616,178706,129364,11707
188657,178638,129338,11691
188701,178529,129289,11677
188743,178428,129242,11661
188785,178348,129205,11649
188826,178280,129169,11641
188868,178202,129144,11632
188911,178109,129089,11622
188953,178048,129070,11613
188996,177979,129022,11605
189038,177907,128998,11613
189082,177865,128977,11612
189123,177832,128953,11610
189164,177777,128926,11615
189206,177750,128908,11615
189247,177739,128896,11623
189291,177734,128889,11636
189333,177730,128883,11643
189374,177749,128888,11653
189415,177778,128901,11663
189457,177859,128971,11677
189498,177968,129094,11679
189542,178077,129204,11688
189584,178107,129282,11676
189625,178154,129328,11637
189666,178283,129381,11615
189708,178463,129472,11593
189751,178543,129518,11579
189793,178676,129557,11567
189834,178725,129581,11559
189876,178849,129621,11545
189917,178802,129608,11537
189961,178811,129598,11529
190003,178791,129588,11529
190046,178776,129559,11526
190088,178762,129556,11534
190131,178759,129537,11536
190173,178771,129534,11538
190214,178781,129518,11553
190256,178796,129521,11557
190297,178824,129530,11573
190342,178815,129510,11588
190383,178828,129514,11594
190424,178842,129518,11615
190466,178870,129530,11630
190507,178897,129538,11643
190551,178897,129527,11661
190593,178836,129517,11666
190634,178803,129521,11633
190676,178692,129478,11606
190717,178578,129431,11578
190761,178493,129405,11562
190803,178437,129362,11552
190844,178367,129327,11550
190886,178332,129305,11541
190927,178310,129300,11533
190971,178258,129272,11528
191013,178228,129253,11523
191055,178211,129232,11522
191098,178166,129211,11532
191143,178167,129198,11530
191184,178164,129195,11544
191225,178157,129183,11551
191267,178165,129182,11559
191308,178179,129180,11567
191352,178162,129179,11584
191394,178166,129159,11594
191435,178165,129156,11611
191476,178196,129154,11619
191518,178200,129165,11635
191561,178226,129166,11651
191603,178205,129170,11655
191645,178132,129148,11640
191686,178039,129131,11613
191728,177967,129093,11591
191771,177931,129083,11577
191814,177851,129044,11567
191856,177816,129025,11557
191897,177764,129004,11552
191941,177757,128992,11547
191983,177712,128981,11539
192024,177675,128947,11532
192066,177648,128935,11531
192107,177595,128896,11537
192155,177576,128882,11547
192196,177569,128881,11544
192238,177585,128880,11553
192281,177590,128873,11560
192323,177586,128876,11576
192364,177616,128885,11579
192406,177634,128886,11591
192447,177681,128903,11603
192488,177734,128929,11625
192532,177763,128947,11629
192574,177769,128952,11644
192615,177706,128944,11649
192656,177636,128949,11635
192698,177522,128916,11604
192741,177461,128896,11586
192783,177479,128919,11571
192824,177531,128954,11553
192866,177604,128995,11548
192907,177631,129030,11548
192952,177740,129070,11534
192993,177782,129090,11531
193035,177804,129104,11532
193076,177823,129109,11528
193117,177822,129100,11532
193162,177831,129099,11537
193206,177850,129094,11545
193247,177858,129092,11555
193291,177861,129086,11563
193333,177867,129087,11579
193374,177900,129090,11590
193416,177908,129097,11602
193457,177921,129096,11618
193498,177970,129114,11633
193542,178026,129127,11648
193584,177995,129128,11649
193625,177947,129122,11629
193666,177876,129092,11602
193708,177831,129079,11591
193751,177760,129041,11571
193793,177702,129013,11561
193834,177679,129001,11555
193876,177681,129003,11552
193917,177662,128982,11546
193961,177622,128968,11548
194003,177601,128953,11537
194044,177589,128939,11539
194085,177571,128927,11540
194127,177581,128929,11551
194168,177592,128922,11553
194212,177621,128937,11559
194256,177660,128955,11578
194298,177708,128971,11585
194342,177742,128986,11605
194383,177780,129004,11615
194424,177801,128995,11620
194466,177845,129017,11643
194507,177853,129014,11646
194548,177839,129023,11640
194592,177748,129008,11615
194634,177621,128949,11570
194675,177563,128927,11566
194716,177512,128910,11545
194758,177487,128900,11531
194801,177481,128889,11522
194843,177490,128896,11511
194884,177471,128871,11503
194926,177442,128876,11497
194967,177437,128863,11480
195008,177433,128853,11488
195053,177443,128844,11482
195094,177473,128856,11486
195135,177515,128854,11500
195177,177530,128858,11506
195218,177557,128862,11507
195262,177575,128869,11519
195306,177592,128876,11534
195348,177619,128870,11543
195391,177636,128869,11550
195433,177686,128888,11562
195474,177699,128893,11568
195516,177649,128880,11570
195557,177541,128854,11528
195598,177458,128825,11500
195642,177405,128802,11486
195684,177344,128781,11470
195725,177306,128748,11453
195766,177271,128729,11442
195808,177293,128726,11438
195851,177274,128722,11428
195893,177252,128704,11419
195934,177213,128683,11415
195976,177185,128661,11412
196017,177180,128651,11415
196058,177188,128658,11412
196103,177221,128647,11423
196144,177247,128660,11436
196185,177261,128659,11439
196227,177272,128657,11447
196268,177297,128664,11452
196312,177315,128673,11467
196356,177352,128679,11476
196398,177387,128696,11491
196441,177423,128699,11506
196483,177342,128680,11501
196524,177236,128647,11472
196566,177140,128615,11444
196607,177084,128586,11428
196648,177027,128571,11409
196692,176992,128548,11396
196734,176970,128543,11389
196775,176984,128541,11373
196816,176972,128544,11366
196858,176963,128528,11354
196901,176920,128513,11351
196943,176874,128482,11342
196984,176884,128484,11342
197026,176884,128494,11347
197067,176899,128493,11350
197112,176916,128496,11353
197153,176943,128520,11362
197195,177015,128549,11361
197236,177075,128589,11382
197278,177152,128623,11376
197321,177197,128649,11389
197363,177294,128691,11406
197406,177335,128723,11412
197448,177368,128765,11415
197491,177291,128752,11397
197533,177183,128711,11364
197574,177143,128698,11354
197616,177139,128695,11341
197657,177149,128707,11331
197698,177163,128711,11324
197743,177226,128729,11319
197784,177226,128723,11307
197825,177220,128721,11301
197867,177218,128705,11297
197908,177215,128702,11304
197952,177253,128716,11302
197994,177266,128712,11309
198035,177250,128698,11317
198076,177261,128705,11322
198118,177290,128704,11333
198162,177326,128714,11344
198203,177363,128725,11350
198244,177372,128720,11363
198286,177414,128736,11375
198327,177375,128731,11382
198371,177351,128720,11373
198413,177257,128700,11351
198457,177169,128672,11333
198498,177102,128634,11319
198542,177012,128598,11300
198584,176993,128584,11285
198625,176961,128575,11278
198666,177022,128601,11277
198708,177007,128586,11268
198751,176966,128582,11252
198793,176925,128555,11253
198834,176893,128541,11252
198876,176874,128526,11256
198917,176876,128525,11261
198958,176914,128534,11266
199003,176913,128526,11279
199044,176899,128522,11282
199086,176913,128523,11296
199127,176920,128521,11305
199168,176905,128512,11320
199212,176948,128530,11337
199254,176917,128527,11340
199295,176890,128536,11332
199336,176816,128512,11311
199378,176741,128485,11282
199421,176675,128453,11263
199463,176602,128429,11248
199507,176556,128405,11232
199548,176554,128406,11220
199591,176554,128412,11216
199633,176578,128419,11209
199674,176674,128477,11199
199715,176884,128575,11202
199757,176883,128578,11208
199798,176880,128562,11207
199842,176862,128562,11210
199884,176868,128555,11218
199925,176873,128561,11239
199966,176890,128565,11229
200008,176881,128560,11248
200051,176867,128547,11259
200093,176846,128532,11276
200135,176878,128541,11300
200176,176875,128542,11311
200218,176907,128544,11325
200261,176809,128519,11333
200303,176787,128531,11328
200344,176704,128499,11304
200386,176628,128466,11285
200427,176577,128456,11268
200471,176507,128430,11255
200513,176462,128403,11247
200557,176363,128356,11237
200598,176318,128333,11235
200642,176281,128310,11226
200683,176246,128304,11221
200724,176239,128291,11220
200766,176196,128265,11225
200807,176165,128249,11227
200848,176106,128210,11230
200893,176060,128188,11242
200934,176024,128171,11245
200975,176028,128174,11255
201017,176049,128183,11279
201058,176089,128208,11290
201101,176130,128216,11307
201143,176113,128206,11310
201184,176103,128187,11329
201226,176098,128181,11342
201267,176063,128171,11353
201311,176010,128155,11361
201353,175936,128141,11343
201394,175805,128094,11325
201436,175713,128060,11312
201477,175661,128034,11295
201521,175694,128043,11288
201563,175701,128058,11281
201606,175749,128076,11277
201648,175755,128083,11280
201691,175718,128068,11272
201733,175685,128062,11271
201774,175725,128080,11269
201815,175893,128165,11280
201857,176074,128282,11286
201898,176212,128357,11303
201942,176336,128417,11314
201984,176364,128435,11324
202025,176448,128456,11331
202066,176566,128484,11348
202108,176702,128530,11367
202152,176787,128545,11378
202193,176918,128589,11395
202235,176969,128615,11414
202276,176981,128631,11413
202317,176978,128645,11409
202361,176871,128614,11385
202403,176734,128554,11373
202445,176680,128519,11362
202486,176679,128514,11360
202528,176652,128515,11364
202572,176691,128524,11359
202614,176685,128530,11353
202658,176696,128533,11358
202701,176721,128546,11359
202743,176696,128528,11359
202784,176708,128524,11366
202825,176713,128521,11375
202867,176698,128507,11389
202908,176712,128505,11403
202952,176719,128512,11410
202994,176731,128509,11425
203035,176738,128516,11443
203076,176724,128504,11445
203118,176752,128520,11466
203161,176791,128519,11475
203203,176724,128523,11488
203244,176700,128525,11462
203286,176580,128487,11444
203327,176499,128454,11410
203371,176516,128476,11392
203413,176545,128489,11382
203454,176556,128509,11375
203496,176593,128527,11359
203537,176606,128533,11365
203581,176593,128527,11348
203623,176669,128557,11349
203664,176705,128574,11345
203708,176716,128581,11354
203751,176757,128592,11353
203793,176803,128610,11358
203834,176878,128634,11372
203875,176918,128642,11377
203917,176969,128677,11390
203958,177015,128690,11400
204002,177034,128690,11415
204044,177075,128704,11432
204085,177124,128723,11439
204126,177114,128720,11451
204167,177038,128713,11454
204212,176937,128692,11421
204253,176876,128667,11393
204294,176808,128643,11370
204336,176732,128604,11360
204377,176680,128575,11348
204421,176641,128567,11339
204463,176655,128560,11328
204504,176647,128557,11326
204546,176643,128560,11315
204587,176630,128548,11315
204631,176599,128525,11312
204673,176541,128500,11321
204714,176491,128462,11321
204758,176479,128463,11328
204801,176519,128475,11330
204843,176563,128493,11345
204884,176605,128501,11354
204925,176622,128509,11372
204967,176646,128513,11382
205008,176668,128525,11395
205052,176721,128535,11407
205094,176729,128545,11426
205135,176645,128525,11418
205177,176520,128496,11386
205218,176438,128458,11363
205261,176371,128433,11353
205303,176316,128425,11339
205345,176327,128426,11327
205386,176334,128436,11320
205428,176392,128454,11310
205471,176347,128455,11311
205513,176460,128536,11308
205554,176739,128648,11306
205596,177081,128790,11303
205637,177254,128875,11303
205682,177467,128987,11305
205723,177622,129062,11312
205764,177732,129104,11327
205808,177843,129139,11338
205852,177839,129124,11353
205894,177802,129108,11369
205935,177762,129096,11376
205976,177755,129086,11399
206018,177775,129101,11414
206061,177841,129145,11430
206103,177886,129182,11422
206144,177808,129166,11396
206185,177741,129142,11378
206227,177698,129142,11370
206268,177691,129142,11360
206312,177762,129174,11351
206354,177791,129182,11347
206395,177889,129233,11347
206437,177904,129225,11343
206478,177879,129213,11339
206522,177880,129200,11339
206563,177861,129190,11340
206604,177872,129178,11346
206646,177899,129182,11358
206687,177898,129182,11368
206731,177889,129174,11385
206773,177911,129178,11389
206814,177933,129179,11408
206858,177941,129174,11422
206901,177990,129188,11435
206943,178020,129195,11452
206984,177978,129192,11456
207026,177929,129195,11425
207067,177872,129173,11405
207108,177831,129156,11396
207153,177774,129128,11388
207194,177727,129103,11381
207235,177672,129083,11374
207277,177700,129088,11377
207318,177703,129085,11373
207361,177665,129073,11369
207403,177682,129070,11371
207444,177665,129049,11377
207486,177642,129034,11381
207527,177626,129016,11392
207571,177623,129010,11399
207613,177628,129005,11408
207654,177630,129014,11427
207696,177646,129009,11441
207737,177652,129004,11453
207781,177685,129014,11466
207823,177748,129038,11484
207864,177777,129039,11501
207908,177701,129038,11493
207951,177648,129023,11470
207993,177568,129007,11453
208034,177536,128985,11437
208075,177470,128966,11422
208117,177415,128926,11413
208158,177381,128919,11407
208203,177352,128898,11401
208244,177344,128890,11398
208285,177280,128863,11393
208326,177253,128844,11393
208368,177202,128810,11390
208411,177152,128788,11389
208453,177129,128768,11399
208494,177072,128736,11406
208536,177042,128716,11413
208577,177054,128722,11427
208621,177099,128734,11435
208663,177114,128742,11444
208705,177150,128746,11459
208746,177172,128744,11472
208788,177199,128754,11493
208831,177155,128737,11500
208873,177141,128753,11479
208914,177030,128726,11454
208958,176967,128701,11434
209001,176925,128690,11418
209043,176880,128679,11402
209084,176897,128694,11392
209125,176896,128707,11381
209167,176943,128733,11375
209208,176913,128718,11368
209251,176862,128716,11359
209293,176873,128714,11345
209335,176896,128723,11354
209376,176944,128745,11357
209418,176988,128756,11356
209461,177064,128795,11369
209504,177121,128825,11374
209546,177169,128857,11388
209587,177189,128870,11396
209632,177253,128899,11405
209673,177314,128917,11416
209714,177412,128949,11436
209756,177551,129013,11448
209797,177569,129035,11432
209841,177513,129036,11404
209883,177433,128994,11390
209924,177401,128972,11377
209966,177379,128966,11367
210012,177427,128974,11354
210054,177410,128972,11351
210095,177461,128984,11347
210136,177451,128971,11337
210178,177414,128957,11335
210221,177423,128954,11334
210263,177442,128944,11342
210304,177444,128943,11343
210346,177450,128931,11354
210387,177438,128920,11363
210431,177445,128912,11372
210473,177438,128917,11389
210514,177464,128914,11396
210556,177454,128903,11411
210597,177497,128923,11426
210641,177465,128912,11440
210683,177449,128924,11430
210724,177346,128899,11398
210766,177288,128867,11375
210807,177223,128833,11363
210851,177151,128796,11351
210893,177090,128776,11344
210934,177013,128747,11334
210976,177031,128733,11330
211017,177004,128722,11324
211065,176964,128700,11314
211106,176951,128689,11314
211147,176922,128661,11320
211191,176900,128653,11319
211233,176898,128638,11326
211274,176894,128630,11342
211316,176904,128630,11346
211357,176913,128638,11359
211398,176939,128637,11371
211442,176958,128643,11396
211484,176993,128650,11411
211525,176990,128642,11425
211566,176920,128623,11427
211608,176878,128632,11396
211651,176796,128593,11371
211693,176746,128582,11364
211734,176702,128559,11342
211776,176639,128536,11330
211817,176613,128511,11324
211858,176549,128485,11317
211902,176555,128482,11310
211944,176515,128458,11300
211985,176508,128452,11297
212026,176481,128436,11300
212068,176467,128426,11301
212115,176441,128398,11306
212156,176445,128399,11321
212198,176440,128390,11327
212241,176446,128391,11342
212283,176457,128395,11349
212324,176459,128383,11365
212365,176454,128375,11374
212407,176471,128384,11396
212448,176483,128380,11416
212492,176438,128360,11422
212534,176422,128375,11416
212575,176333,128351,11390
212617,176263,128335,11370
212658,176233,128312,11345
212701,176169,128280,11339
212743,176124,128248,11336
212784,176062,128225,11329
212826,176073,128214,11325
212867,176025,128206,11316
212908,176010,128182,11312
212953,175984,128166,11315
212994,175962,128149,11320
213035,175942,128135,11325
213077,175921,128116,11333
213118,175909,128104,11341
213165,175935,128113,11348
213207,175981,128121,11358
213248,175996,128123,11371
213291,176023,128131,11388
213333,176083,128159,11399
213374,176148,128172,11414
213415,176201,128209,11432
213457,176204,128226,11440
213498,176208,128248,11428
213541,176118,128235,11405
213583,176054,128231,11385
213624,176074,128254,11374
213665,176109,128286,11364
213707,176235,128358,11351
213748,176294,128393,11351
213792,176340,128412,11352
213834,176319,128420,11343
213875,176339,128439,11338
213916,176367,128463,11338
213958,176407,128490,11349
214002,176491,128544,11350
214044,176557,128560,11357
214086,176635,128603,11364
214127,176709,128625,11378
214171,176784,128662,11390
214216,176894,128701,11405
214257,176960,128724,11419
214301,177066,128754,11438
214343,177138,128777,11451
214384,177171,128789,11458
214425,177195,128824,11454
214467,177069,128778,11423
214508,176974,128724,11402
214552,176935,128704,11396
214594,176936,128690,11380
214635,176939,128687,11381
214676,176944,128682,11385
214717,176966,128682,11374
214762,176959,128678,11371
214803,176962,128669,11374
214844,176947,128672,11379
214886,176952,128664,11388
214927,176970,128656,11395
214971,176974,128649,11404
215013,177016,128666,11419
215054,177044,128684,11434
215096,177067,128672,11446
215137,177084,128684,11471
215178,177108,128676,11487
215222,177134,128687,11504
215266,177050,128671,11509
215308,176990,128665,11496
215352,176894,128626,11463
215393,176824,128593,11449
215434,176781,128573,11445
215476,176719,128547,11428
215517,176677,128527,11422
215558,176615,128493,11410
215603,176593,128485,11401
215644,176580,128475,11402
215686,176570,128467,11400
215727,176574,128466,11399
215768,176555,128443,11405
215813,176537,128431,11409
215854,176530,128430,11415
215895,176540,128427,11429
215937,176560,128428,11442
215978,176579,128429,11457
216022,176583,128421,11476
216064,176598,128429,11481
216105,176639,128443,11499
216146,176646,128441,11516
216188,176586,128424,11516
216231,176570,128442,11502
216273,176490,128420,11478
216316,176445,128394,11463
216358,176394,128362,11448
216401,176311,128333,11439
216443,176266,128312,11429
216484,176246,128294,11427
216525,176233,128284,11421
216567,176201,128270,11411
216608,176199,128253,11409
216652,176165,128237,11416
216694,176139,128212,11421
216735,176142,128212,11424
216776,176159,128209,11435
216818,176187,128222,11442
216861,176202,128217,11457
216903,176229,128218,11475
216944,176239,128214,11482
216986,176274,128234,11497
217027,176294,128230,11513
217071,176317,128230,11528
217113,176310,128229,11535
217154,176255,128217,11541
217196,176184,128201,11512
217237,176114,128174,11495
217281,176069,128142,11479
217323,176003,128118,11468
217367,175981,128101,11454
217408,175921,128071,11453
217451,175945,128075,11443
217493,175937,128070,11436
217534,175928,128054,11433
217576,175916,128046,11432
217617,175881,128014,11439
217658,175831,127992,11444
217703,175789,127967,11447
217744,175797,127959,11454
217785,175852,127987,11466
217827,175873,127991,11479
217868,175885,128001,11492
217912,175935,128036,11493
217954,176045,128083,11508
217995,176147,128136,11523
218036,176232,128212,11531
218078,176272,128260,11540
218121,176283,128305,11537
218163,176170,128283,11506
218204,176078,128262,11485
218246,176012,128247,11459
218287,176033,128281,11450
218331,176113,128320,11440
218373,176169,128360,11438
218417,176264,128401,11424
218458,176276,128400,11419
218502,176282,128404,11413
218543,176303,128415,11413
218584,176333,128413,11415
218626,176400,128430,11412
218667,176483,128467,11420
218711,176570,128496,11433
218753,176611,128492,11441
218794,176622,128498,11458
218836,176623,128488,11461
218877,176627,128485,11476
218921,176636,128489,11489
218963,176656,128488,11499
219004,176610,128463,11516
219046,176552,128455,11511
219087,176476,128437,11491
219132,176364,128393,11471
219173,176263,128347,11447
219215,176184,128308,11434
219256,176165,128293,11425
219298,176109,128273,11415
219341,176132,128262,11406
219383,176091,128259,11405
219425,176070,128235,11388
219468,176051,128218,11388
219512,176029,128206,11391
219554,176015,128191,11388
219595,176009,128184,11398
219636,176000,128173,11403
219678,176022,128176,11410
219721,176027,128170,11430
219763,176024,128161,11432
219804,176016,128174,11443
219845,176040,128174,11455
219887,176047,128175,11464
219928,176066,128181,11476
219972,176016,128164,11487
220014,175965,128155,11474
220055,175880,128133,11448
220096,175832,128099,11414
220138,175826,128110,11405
220182,175786,128093,11391
220223,175775,128079,11377
220264,175712,128038,11370
220306,175712,128050,11365
220348,175679,128026,11357
220391,175632,128007,11354
220433,175609,127988,11346
220474,175583,127976,11348
220518,175578,127963,11349
220561,175592,127958,11354
220603,175635,127989,11365
220644,175666,127993,11372
220686,175673,127998,11373
220727,175687,127986,11386
220768,175694,127991,11400
220812,175702,127995,11410
220854,175721,127997,11428
220895,175687,127993,11442
220936,175584,127964,11430
220978,175484,127934,11414
221022,175350,127889,11388
221063,175330,127873,11360
221104,175386,127910,11351
221146,175471,127946,11333
221187,175514,127957,11331
221231,175553,127979,11326
221273,175572,127974,11321
221314,175536,127958,11311
221356,175517,127954,11308
221397,175491,127932,11309
221442,175467,127917,11318
221483,175457,127928,11323
221525,175507,127942,11331
221568,175555,127974,11345
221612,175600,127979,11354
221654,175607,127984,11356
221695,175640,127990,11375
221736,175624,127985,11390
221778,175582,127978,11406
221822,175612,127992,11420
221863,175592,128014,11437
221905,175563,128019,11429
221946,175461,127996,11405
221988,175407,127970,11391
222032,175426,127985,11374
222073,175383,127972,11366
222114,175411,127975,11356
222156,175382,127962,11359
222197,175419,127964,11349
222241,175463,127978,11342
222283,175424,127960,11350
222324,175369,127939,11350
222366,175281,127893,11352
222407,175242,127882,11359
222451,175235,127883,11364
222493,175261,127887,11376
222534,175288,127898,11389
222576,175313,127912,11397
222622,175337,127915,11406
222664,175370,127938,11424
222705,175406,127935,11434
222746,175461,127953,11449
222788,175489,127947,11463
222831,175381,127922,11482
222873,175361,127921,11467
222914,175272,127902,11454
222955,175189,127859,11441
222997,175145,127843,11434
223042,175051,127800,11425
223083,175014,127775,11424
223124,174950,127752,11420
223166,174971,127765,11415
223207,174923,127740,11410
223251,174911,127735,11409
223293,174906,127720,11414
223334,174892,127716,11424
223376,174907,127720,11424
223417,174913,127728,11441
223461,174939,127727,11442
223503,174968,127748,11452
223544,174984,127754,11466
223586,175035,127776,11472
223627,175065,127792,11486
223675,175157,127818,11511
223716,175176,127832,11522
223757,175200,127846,11535
223802,175250,127874,11524
223843,175245,127876,11504
223885,175274,127898,11492
223926,175359,127918,11474
223967,175410,127930,11466
224011,175475,127937,11464
224053,175454,127932,11464
224094,175575,127965,11456
224135,175557,127961,11454
224177,175569,127960,11448
224218,175594,127980,11452
224261,175640,128006,11455
224303,175660,128018,11464
224344,175690,128043,11471
224386,175749,128087,11484
224427,175813,128122,11489
224472,175825,128149,11505
224513,175887,128177,11514
224554,175952,128223,11533
224596,176024,128261,11552
224637,176022,128279,11555
224681,176021,128293,11540
224726,175924,128256,11522
224767,175849,128231,11503
224811,175838,128226,11487
224853,175858,128235,11481
224894,175913,128252,11462
224935,175893,128246,11466
224977,175943,128257,11465
225018,175903,128245,11455
225061,175898,128236,11454
225103,175866,128226,11453
225144,175883,128224,11463
225185,175907,128230,11465
225227,175909,128235,11472
225268,175938,128231,11478
225312,175946,128231,11494
225354,175967,128233,11503
225395,175994,128235,11523
225437,175990,128230,11531
225478,175952,128230,11536
225521,175942,128236,11522
225563,175827,128195,11494
225604,175756,128166,11479
225646,175698,128141,11457
225687,175613,128100,11440
225731,175619,128088,11428
225776,175564,128065,11421
225817,175576,128073,11414
225861,175511,128040,11399
225903,175506,128030,11387
225944,175492,128028,11394
225985,175488,128016,11391
226027,175533,128029,11390
226068,175549,128035,11402
226111,175559,128029,11402
226153,175564,128042,11421
226195,175619,128059,11427
226236,175660,128073,11448
226277,175716,128101,11457
226322,175794,128130,11472
226363,175800,128132,11484
226404,175720,128126,11486
226445,175657,128114,11462
226487,175565,128073,11434
226528,175508,128048,11415
226572,175468,128033,11396
226614,175416,128018,11374
226655,175404,127995,11354
226697,175375,127989,11351
226738,175385,127985,11340
226782,175361,127972,11326
226826,175332,127958,11320
226868,175328,127965,11320
226911,175320,127944,11320
226953,175343,127957,11328
226994,175394,127967,11330
227035,175425,127988,11337
227077,175466,128007,11343
227118,175502,128017,11354
227161,175521,128022,11366
227203,175554,128039,11372
227244,175613,128056,11396
227285,175672,128065,11409
227327,175690,128083,11429
227368,175632,128063,11435
227412,175592,128070,11418
227454,175493,128028,11394
227495,175399,127992,11374
227536,175334,127967,11354
227578,175252,127938,11338
227621,175236,127930,11320
227663,175206,127904,11311
227704,175219,127911,11297
227746,175192,127897,11287
227787,175202,127893,11287
227831,175178,127876,11282
227876,175151,127859,11286
227917,175185,127870,11290
227961,175246,127886,11291
228003,175262,127895,11304
228044,175310,127910,11306
228085,175342,127915,11319
228127,175382,127926,11333
228168,175382,127922,11350
228212,175411,127926,11359
228254,175440,127933,11379
228295,175472,127945,11390
228336,175487,127952,11411
228378,175426,127943,11419
228422,175413,127944,11397
228463,175266,127898,11381
228504,175189,127860,11360
228546,175109,127830,11347
228587,175045,127798,11325
228631,175019,127779,11311
228673,175016,127782,11307
228714,175009,127779,11300
228756,174963,127749,11297
228797,174916,127733,11291
228841,174874,127703,11289
228883,174893,127720,11297
228926,174935,127736,11298
228968,174971,127758,11309
229012,175030,127788,11318
229053,175086,127807,11330
229094,175126,127826,11349
229136,175124,127823,11363
229177,175132,127817,11375
229221,175156,127829,11393
229263,175155,127832,11404
229304,175202,127846,11424
229345,175217,127854,11438
229387,175163,127851,11445
229428,175097,127834,11423
229472,174967,127792,11402
229514,174904,127761,11372
229555,174871,127768,11363
229596,174910,127783,11351
229638,174937,127801,11346
229681,175030,127836,11343
229723,174975,127835,11336
229765,175000,127849,11332
229806,175125,127912,11335
229848,175247,127966,11329
229891,175376,128033,11331
229934,175529,128078,11339
229978,175645,128136,11352
230021,175788,128191,11366
230063,175827,128223,11384
230104,175913,128249,11395
230145,175975,128283,11405
230187,176039,128303,11418
230228,176089,128324,11436
230272,176151,128355,11458
230314,176176,128381,11471
230355,176178,128378,11463
230396,175993,128332,11435
230438,175925,128294,11414
230481,175937,128317,11407
230523,175959,128326,11399
230565,175989,128333,11400
230606,176031,128355,11391
230648,176079,128372,11389
230692,176074,128362,11384
230734,176078,128373,11386
230776,176078,128360,11382
230817,176073,128352,11394
230861,176095,128361,11403
230903,176099,128359,11417
230945,176118,128353,11426
230986,176127,128368,11438
231033,176127,128367,11451
231074,176185,128393,11471
231116,176202,128389,11483
231157,176232,128406,11500
231198,176239,128411,11515
231243,176227,128425,11504
231284,176140,128400,11487
231325,176038,128355,11447
231367,175981,128338,11431
231408,175946,128317,11420
231451,175941,128317,11421
231493,175921,128301,11412
231535,175937,128307,11413
231576,175881,128292,11401
231618,175860,128271,11403
231662,175852,128256,11399
231703,175822,128248,11406
231744,175830,128250,11414
231786,175917,128294,11422
231827,175961,128318,11433
231872,176009,128331,11450
231913,176050,128338,11456
231954,176098,128360,11472
231996,176121,128370,11488
232037,176160,128381,11500
232085,176145,128371,11515
232126,176062,128352,11509
232168,175993,128338,11486
232212,175859,128281,11454
232253,175789,128252,11437
232294,175704,128224,11420
232336,175688,128209,11402
232377,175705,128226,11399
232418,175838,128271,11391
232463,175880,128291,11385
232504,175923,128314,11378
232546,175986,128323,11376
232587,176016,128332,11381
232628,176032,128337,11382
232672,176083,128348,11389
232714,176117,128358,11399
232755,176216,128393,11412
232796,176283,128413,11421
232838,176339,128443,11439
232881,176360,128453,11455
232923,176395,128461,11468
232964,176431,128475,11484
233006,176409,128480,11483
233047,176374,128486,11441
233088,176309,128459,11422
233136,176307,128461,11409
233177,176239,128430,11397
233221,176253,128441,11390
233263,176327,128480,11385
233304,176448,128528,11378
233345,176474,128518,11376
233387,176427,128501,11378
233428,176389,128476,11372
233471,176340,128450,11378
233513,176309,128440,11386
233554,176316,128435,11395
233596,176342,128445,11404
233637,176367,128457,11411
233678,176356,128430,11421
233723,176332,128414,11435
233764,176362,128433,11450
233805,176400,128438,11460
233847,176390,128435,11480
233888,176335,128412,11486
233931,176296,128414,11472
233973,176193,128385,11446
234014,176123,128358,11430
234056,176083,128334,11412
234097,176030,128328,11404
234138,176079,128341,11389
234186,176024,128319,11386
234227,176059,128336,11376
234268,176003,128308,11364
234313,175963,128292,11363
234354,175926,128280,11363
234395,175913,128281,11361
234437,175963,128310,11367
234478,176031,128340,11372
234521,176123,128395,11388
234563,176218,128441,11385
234604,176313,128487,11399
234646,176390,128522,11410
234687,176438,128535,11426
234728,176488,128542,11438
234772,176529,128567,11455
234813,176555,128594,11432
234855,176455,128564,11406
234896,176412,128542,11392
234937,176421,128541,11384
234981,176402,128527,11376
235023,176398,128522,11375
235064,176397,128507,11369
235106,176399,128509,11362
235147,176403,128504,11357
235188,176416,128510,11362
235236,176399,128500,11360
235277,176409,128493,11373
235321,176467,128518,11381
235363,176478,128505,11391
235404,176495,128519,11413
235446,176503,128509,11415
235487,176501,128504,11435
235528,176542,128522,11450
235572,176557,128518,11453
235614,176511,128520,11460
235655,176441,128505,11438
235696,176360,128477,11421
235738,176321,128453,11409
235781,176245,128421,11393
235823,176204,128400,11383
235864,176156,128381,11380
235905,176183,128396,11373
235947,176164,128381,11371
235988,176131,128362,11366
236032,176115,128346,11363
236074,176077,128335,11373
236115,176068,128316,11373
236156,176066,128320,11385
236198,176151,128344,11397
236241,176210,128371,11409
236286,176247,128373,11428
236327,176255,128388,11437
236372,176286,128391,11450
236413,176327,128412,11470
236454,176336,128411,11483
236496,176279,128398,11487
236537,176238,128399,11472
236582,176142,128356,11442
236623,176061,128318,11418
236664,175973,128292,11408
236706,175966,128277,11389
236747,175941,128267,11382
236788,175991,128292,11378
236832,176005,128296,11369
236874,175960,128273,11365
236915,175968,128284,11357
236956,175956,128289,11370
236998,175987,128299,11378
237041,176064,128335,11384
237083,176108,128357,11391
237124,176145,128378,11413
237166,176167,128392,11424
237207,176212,128416,11440
237248,176265,128439,11450
237293,176339,128464,11464
237336,176427,128508,11482
237378,176463,128502,11497
237421,176386,128485,11507
237463,176376,128497,11492
237504,176267,128455,11472
237545,176212,128427,11459
237587,176129,128405,11445
237628,175997,128346,11429
237672,176010,128368,11416
237714,176094,128406,11414
237755,176145,128443,11413
237796,176165,128456,11405
237838,176233,128495,11405
237881,176270,128510,11407
237923,176258,128500,11409
237965,176262,128495,11418
238006,176296,128504,11428
238048,176305,128513,11441
238091,176332,128521,11450
238133,176354,128533,11461
238175,176387,128549,11474
238216,176402,128549,11491
238258,176449,128566,11509
238302,176522,128595,11519
238343,176580,128628,11509
238387,176507,128612,11488
238428,176442,128590,11473
238472,176430,128582,11449
238514,176447,128593,11439
238555,176514,128621,11439
238596,176585,128664,11433
238638,176680,128713,11429
238682,176655,128710,11428
238723,176709,128723,11423
238764,176718,128724,11434
